date,ticker,source_symbol,open,high,low,close,adj_close,volume,raw_open,raw_high,raw_low,raw_close,adjustment_factor,source_high,source_low,ohlc_repaired,raw_volume,trades,financial_volume,quotation_factor,bdi_code,market_type,isin,distribution_number,specification,issuer_name
2021-01-04,PETR4,PETR4,28.225352637646147,29.18,28.225352637646147,28.8175,28.8175,74719700,28.225352637646147,29.18,28.225352637646147,28.8175,1.0,29.18,28.225352637646147,0,74719700,9323,2153768758.0,1,02,010,BRPETRACNPR6,197,PN      N2,PETROBRAS
2021-01-05,PETR4,PETR4,28.521426318823075,30.18,28.24,29.339999999999996,29.339999999999996,95181100,28.521426318823075,30.18,28.24,29.339999999999996,1.0,30.18,28.24,0,95181100,7389,2794814248.0,1,02,010,BRPETRACNPR6,197,PN      N2,PETROBRAS
2021-01-06,PETR4,PETR4,28.930713159411535,30.9,28.930713159411535,30.295,30.295,96562500,28.930713159411535,30.9,28.930713159411535,30.295,1.0,30.9,28.930713159411535,0,96562500,10107,2947101588.0,1,02,010,BRPETRACNPR6,197,PN      N2,PETROBRAS
2021-01-07,PETR4,PETR4,29.61285657970577,31.15,29.61285657970577,30.7075,30.7075,56171300,29.61285657970577,31.15,29.61285657970577,30.7075,1.0,31.15,29.61285657970577,0,56171300,75579,1730397179.0,1,02,010,BRPETRACNPR6,197,PN      N2,PETROBRAS
2021-01-08,PETR4,PETR4,30.160178289852887,31.76,30.160178289852887,31.1725,31.1725,67136300,30.160178289852887,31.76,30.160178289852887,31.1725,1.0,31.76,30.160178289852887,0,67136300,82901,2084999758.0,1,02,010,BRPETRACNPR6,197,PN      N2,PETROBRAS
2021-01-11,PETR4,PETR4,30.666339144926443,31.06,30.4,30.732499999999998,30.732499999999998,48744700,30.666339144926443,31.06,30.4,30.732499999999998,1.0,31.06,30.4,0,48744700,56067,1498912235.0,1,02,010,BRPETRACNPR6,197,PN      N2,PETROBRAS
2021-01-12,PETR4,PETR4,30.69941957246322,31.56,30.63,30.985,30.985,65691900,30.69941957246322,31.56,30.63,30.985,1.0,31.56,30.63,0,65691900,78922,2037322999.0,1,02,010,BRPETRACNPR6,197,PN      N2,PETROBRAS
2021-01-13,PETR4,PETR4,30.84220978623161,30.86,29.0,29.9225,29.9225,93826600,30.84220978623161,30.86,29.0,29.9225,1.0,30.86,29.0,0,93826600,18700,2778117882.0,1,02,010,BRPETRACNPR6,197,PN      N2,PETROBRAS
2021-01-14,PETR4,PETR4,30.382354893115803,30.382354893115803,28.72,29.2525,29.2525,50745400,30.382354893115803,30.382354893115803,28.72,29.2525,1.0,30.382354893115803,28.72,0,50745400,88269,1485213200.0,1,02,010,BRPETRACNPR6,197,PN      N2,PETROBRAS
2021-01-15,PETR4,PETR4,29.8174274465579,29.8174274465579,28.03,28.57,28.57,80673300,29.8174274465579,29.8174274465579,28.03,28.57,1.0,29.8174274465579,28.03,0,80673300,95266,2287350961.0,1,02,010,BRPETRACNPR6,197,PN      N2,PETROBRAS
2021-01-18,PETR4,PETR4,29.19371372327895,29.19371372327895,28.01,28.310000000000002,28.310000000000002,68855700,29.19371372327895,29.19371372327895,28.01,28.310000000000002,1.0,29.19371372327895,28.01,0,68855700,67042,1952231828.0,1,02,010,BRPETRACNPR6,197,PN      N2,PETROBRAS
2021-01-19,PETR4,PETR4,28.751856861639475,28.86,27.64,28.4175,28.4175,61656000,28.751856861639475,28.86,27.64,28.4175,1.0,28.86,27.64,0,61656000,76733,1746648372.0,1,02,010,BRPETRACNPR6,197,PN      N2,PETROBRAS
2021-01-20,PETR4,PETR4,28.584678430819736,29.12,28.11,28.597500000000004,28.597500000000004,60306200,28.584678430819736,29.12,28.11,28.597500000000004,1.0,29.12,28.11,0,60306200,69508,1719707068.0,1,02,010,BRPETRACNPR6,197,PN      N2,PETROBRAS
2021-01-21,PETR4,PETR4,28.59108921540987,28.59108921540987,27.51,27.87,27.87,41284900,28.59108921540987,28.59108921540987,27.51,27.87,1.0,28.59108921540987,27.51,0,41284900,77581,1147795003.0,1,02,010,BRPETRACNPR6,197,PN      N2,PETROBRAS
2021-01-22,PETR4,PETR4,28.230544607704935,28.230544607704935,26.56,26.955000000000002,26.955000000000002,51181900,28.230544607704935,28.230544607704935,26.56,26.955000000000002,1.0,28.230544607704935,26.56,0,51181900,80232,1378561540.0,1,02,010,BRPETRACNPR6,197,PN      N2,PETROBRAS
2021-01-26,PETR4,PETR4,27.59277230385247,27.97,26.82,27.259999999999998,27.259999999999998,64514600,27.59277230385247,27.97,26.82,27.259999999999998,1.0,27.97,26.82,0,64514600,95122,1765519784.0,1,02,010,BRPETRACNPR6,197,PN      N2,PETROBRAS
2021-01-27,PETR4,PETR4,27.426386151926234,28.17,26.53,27.2225,27.2225,68337800,27.426386151926234,28.17,26.53,27.2225,1.0,28.17,26.53,0,68337800,82073,1874696873.0,1,02,010,BRPETRACNPR6,197,PN      N2,PETROBRAS
2021-01-28,PETR4,PETR4,27.324443075963117,28.45,27.31,27.71,27.71,67827000,27.324443075963117,28.45,27.31,27.71,1.0,28.45,27.31,0,67827000,70505,1891093802.0,1,02,010,BRPETRACNPR6,197,PN      N2,PETROBRAS
2021-01-29,PETR4,PETR4,27.51722153798156,27.68,26.69,27.145,27.145,67555300,27.51722153798156,27.68,26.69,27.145,1.0,27.68,26.69,0,67555300,81668,1833378261.0,1,02,010,BRPETRACNPR6,197,PN      N2,PETROBRAS
2021-02-01,PETR4,PETR4,27.33111076899078,27.68,26.83,27.325,27.325,44449500,27.33111076899078,27.68,26.83,27.325,1.0,27.68,26.83,0,44449500,73784,1212572158.0,1,02,010,BRPETRACNPR6,197,PN      N2,PETROBRAS
2021-02-02,PETR4,PETR4,27.32805538449539,29.14,27.32805538449539,28.599999999999998,28.599999999999998,91663000,27.32805538449539,29.14,27.32805538449539,28.599999999999998,1.0,29.14,27.32805538449539,0,91663000,6427,2629121265.0,1,02,010,BRPETRACNPR6,197,PN      N2,PETROBRAS
2021-02-03,PETR4,PETR4,27.964027692247694,29.14,27.964027692247694,28.9075,28.9075,47486800,27.964027692247694,29.14,27.964027692247694,28.9075,1.0,29.14,27.964027692247694,0,47486800,75480,1371113989.0,1,02,010,BRPETRACNPR6,197,PN      N2,PETROBRAS
2021-02-04,PETR4,PETR4,28.435763846123848,28.99,28.21,28.7125,28.7125,41444100,28.435763846123848,28.99,28.21,28.7125,1.0,28.99,28.21,0,41444100,57831,1186185840.0,1,02,010,BRPETRACNPR6,197,PN      N2,PETROBRAS
2021-02-05,PETR4,PETR4,28.574131923061923,30.09,28.32,29.1025,29.1025,121098700,28.574131923061923,30.09,28.32,29.1025,1.0,30.09,28.32,0,121098700,20586,3554663926.0,1,02,010,BRPETRACNPR6,197,PN      N2,PETROBRAS
2021-02-08,PETR4,PETR4,28.83831596153096,29.3,27.8,28.43,28.43,98821700,28.83831596153096,29.3,27.8,28.43,1.0,29.3,27.8,0,98821700,29505,2804707429.0,1,02,010,BRPETRACNPR6,197,PN      N2,PETROBRAS
2021-02-09,PETR4,PETR4,28.63415798076548,28.63415798076548,27.38,27.835,27.835,63662200,28.63415798076548,28.63415798076548,27.38,27.835,1.0,28.63415798076548,27.38,0,63662200,80551,1765051950.0,1,02,010,BRPETRACNPR6,197,PN      N2,PETROBRAS
2021-02-10,PETR4,PETR4,28.23457899038274,28.23457899038274,27.12,27.675,27.675,52949900,28.23457899038274,28.23457899038274,27.12,27.675,1.0,28.23457899038274,27.12,0,52949900,68116,1461264760.0,1,02,010,BRPETRACNPR6,197,PN      N2,PETROBRAS
2021-02-11,PETR4,PETR4,27.95478949519137,28.5,27.87,28.1475,28.1475,61158600,27.95478949519137,28.5,27.87,28.1475,1.0,28.5,27.87,0,61158600,66026,1726755916.0,1,02,010,BRPETRACNPR6,197,PN      N2,PETROBRAS
2021-02-12,PETR4,PETR4,28.051144747595686,28.49,27.61,28.0875,28.0875,47801100,28.051144747595686,28.49,27.61,28.0875,1.0,28.49,27.61,0,47801100,48897,1347612787.0,1,02,010,BRPETRACNPR6,197,PN      N2,PETROBRAS
2021-02-17,PETR4,PETR4,28.069322373797842,29.6,28.069322373797842,28.96,28.96,54973400,28.069322373797842,29.6,28.069322373797842,28.96,1.0,29.6,28.069322373797842,0,54973400,64146,1593062307.0,1,02,010,BRPETRACNPR6,197,PN      N2,PETROBRAS
2021-02-18,PETR4,PETR4,28.51466118689892,30.92,28.51466118689892,29.9025,29.9025,105539200,28.51466118689892,30.92,28.51466118689892,29.9025,1.0,30.92,28.51466118689892,0,105539200,38879,3151222691.0,1,02,010,BRPETRACNPR6,197,PN      N2,PETROBRAS
2021-02-19,PETR4,PETR4,29.20858059344946,29.20858059344946,27.17,27.755,27.755,215834800,29.20858059344946,29.20858059344946,27.17,27.755,1.0,29.20858059344946,27.17,0,215834800,12910,5979822456.0,1,02,010,BRPETRACNPR6,197,PN      N2,PETROBRAS
2021-02-22,PETR4,PETR4,28.481790296724732,28.481790296724732,21.4,22.212500000000002,22.212500000000002,490230400,28.481790296724732,28.481790296724732,21.4,22.212500000000002,1.0,28.481790296724732,21.4,0,490230400,97986,10803725742.0,1,02,010,BRPETRACNPR6,197,PN      N2,PETROBRAS
2021-02-23,PETR4,PETR4,25.347145148362365,25.347145148362365,22.71,23.520000000000003,23.520000000000003,293503100,25.347145148362365,25.347145148362365,22.71,23.520000000000003,1.0,25.347145148362365,22.71,0,293503100,56366,6890228721.0,1,02,010,BRPETRACNPR6,197,PN      N2,PETROBRAS
2021-02-24,PETR4,PETR4,24.433572574181184,25.0,24.01,24.490000000000002,24.490000000000002,155246400,24.433572574181184,25.0,24.01,24.490000000000002,1.0,25.0,24.01,0,155246400,77805,3798220505.0,1,02,010,BRPETRACNPR6,197,PN      N2,PETROBRAS
2021-02-25,PETR4,PETR4,24.461786287090593,25.25,23.1,24.134999999999998,24.134999999999998,170233000,24.461786287090593,25.25,23.1,24.134999999999998,1.0,25.25,23.1,0,170233000,4187,4117029584.0,1,02,010,BRPETRACNPR6,197,PN      N2,PETROBRAS
2021-02-26,PETR4,PETR4,24.298393143545297,24.298393143545297,21.97,22.7075,22.7075,159881000,24.298393143545297,24.298393143545297,21.97,22.7075,1.0,24.298393143545297,21.97,0,159881000,43409,3594457379.0,1,02,010,BRPETRACNPR6,197,PN      N2,PETROBRAS
2021-03-01,PETR4,PETR4,23.502946571772647,23.502946571772647,21.92,22.44,22.44,90330100,23.502946571772647,23.502946571772647,21.92,22.44,1.0,23.502946571772647,21.92,0,90330100,16735,2026976758.0,1,02,010,BRPETRACNPR6,197,PN      N2,PETROBRAS
2021-03-02,PETR4,PETR4,22.971473285886326,22.971473285886326,20.67,21.7075,21.7075,147772300,22.971473285886326,22.971473285886326,20.67,21.7075,1.0,22.971473285886326,20.67,0,147772300,72097,3185458724.0,1,02,010,BRPETRACNPR6,197,PN      N2,PETROBRAS
2021-03-03,PETR4,PETR4,22.339486642943164,22.339486642943164,20.48,21.34,21.34,185688500,22.339486642943164,22.339486642943164,20.48,21.34,1.0,22.339486642943164,20.48,0,185688500,85825,3915574854.0,1,02,010,BRPETRACNPR6,197,PN      N2,PETROBRAS
2021-03-04,PETR4,PETR4,21.83974332147158,22.4,21.12,21.76,21.76,127843200,21.83974332147158,22.4,21.12,21.76,1.0,22.4,21.12,0,127843200,35863,2811816753.0,1,02,010,BRPETRACNPR6,197,PN      N2,PETROBRAS
2021-03-05,PETR4,PETR4,21.79987166073579,23.22,21.79987166073579,22.584999999999997,22.584999999999997,126306300,21.79987166073579,23.22,21.79987166073579,22.584999999999997,1.0,23.22,21.79987166073579,0,126306300,46700,2852965385.0,1,02,010,BRPETRACNPR6,197,PN      N2,PETROBRAS
2021-03-08,PETR4,PETR4,22.19243583036789,22.28,20.96,21.57,21.57,141142800,22.19243583036789,22.28,20.96,21.57,1.0,22.28,20.96,0,141142800,45692,3057368550.0,1,02,010,BRPETRACNPR6,197,PN      N2,PETROBRAS
2021-03-09,PETR4,PETR4,21.881217915183946,21.95,20.86,21.44,21.44,122648000,21.881217915183946,21.95,20.86,21.44,1.0,21.95,20.86,0,122648000,33130,2636658729.0,1,02,010,BRPETRACNPR6,197,PN      N2,PETROBRAS
2021-03-10,PETR4,PETR4,21.660608957591975,22.34,21.58,22.05,22.05,111744100,21.660608957591975,22.34,21.58,22.05,1.0,22.34,21.58,0,111744100,18463,2463946132.0,1,02,010,BRPETRACNPR6,197,PN      N2,PETROBRAS
2021-03-11,PETR4,PETR4,21.855304478795986,23.49,21.855304478795986,23.002499999999998,23.002499999999998,130577500,21.855304478795986,23.49,21.855304478795986,23.002499999999998,1.0,23.49,21.855304478795986,0,130577500,45190,3014643051.0,1,02,010,BRPETRACNPR6,197,PN      N2,PETROBRAS
2021-03-12,PETR4,PETR4,22.428902239397992,23.38,22.428902239397992,23.14,23.14,68123200,22.428902239397992,23.38,22.428902239397992,23.14,1.0,23.38,22.428902239397992,0,68123200,72922,1572036985.0,1,02,010,BRPETRACNPR6,197,PN      N2,PETROBRAS
2021-03-15,PETR4,PETR4,22.784451119698996,23.67,22.784451119698996,23.3825,23.3825,68295000,22.784451119698996,23.67,22.784451119698996,23.3825,1.0,23.67,22.784451119698996,0,68295000,81592,1597286604.0,1,02,010,BRPETRACNPR6,197,PN      N2,PETROBRAS
2021-03-16,PETR4,PETR4,23.083475559849497,23.68,23.083475559849497,23.455000000000002,23.455000000000002,43407900,23.083475559849497,23.68,23.083475559849497,23.455000000000002,1.0,23.68,23.083475559849497,0,43407900,58843,1016303881.0,1,02,010,BRPETRACNPR6,197,PN      N2,PETROBRAS
2021-03-17,PETR4,PETR4,23.26923777992475,24.13,23.11,23.615,23.615,77966400,23.26923777992475,24.13,23.11,23.615,1.0,24.13,23.11,0,77966400,2302,1857814310.0,1,02,010,BRPETRACNPR6,197,PN      N2,PETROBRAS
2021-03-18,PETR4,PETR4,23.442118889962373,23.9,23.07,23.522499999999997,23.522499999999997,77198900,23.442118889962373,23.9,23.07,23.522499999999997,1.0,23.9,23.07,0,77198900,11070,1818075102.0,1,02,010,BRPETRACNPR6,197,PN      N2,PETROBRAS
2021-03-19,PETR4,PETR4,23.482309444981183,24.04,23.18,23.622500000000002,23.622500000000002,90244500,23.482309444981183,24.04,23.18,23.622500000000002,1.0,24.04,23.18,0,90244500,70173,2147882009.0,1,02,010,BRPETRACNPR6,197,PN      N2,PETROBRAS
2021-03-22,PETR4,PETR4,23.552404722490593,23.78,23.23,23.555,23.555,44129300,23.552404722490593,23.78,23.23,23.555,1.0,23.78,23.23,0,44129300,50693,1036304755.0,1,02,010,BRPETRACNPR6,197,PN      N2,PETROBRAS
2021-03-23,PETR4,PETR4,23.553702361245296,23.63,22.8,23.099999999999998,23.099999999999998,57124700,23.553702361245296,23.63,22.8,23.099999999999998,1.0,23.63,22.8,0,57124700,71069,1324757008.0,1,02,010,BRPETRACNPR6,197,PN      N2,PETROBRAS
2021-03-24,PETR4,PETR4,23.326851180622647,23.54,22.82,23.0925,23.0925,63338300,23.326851180622647,23.54,22.82,23.0925,1.0,23.54,22.82,0,63338300,76591,1468517536.0,1,02,010,BRPETRACNPR6,197,PN      N2,PETROBRAS
2021-03-25,PETR4,PETR4,23.209675590311324,23.3,22.16,22.84,22.84,79214500,23.209675590311324,23.3,22.16,22.84,1.0,23.3,22.16,0,79214500,82696,1799805476.0,1,02,010,BRPETRACNPR6,197,PN      N2,PETROBRAS
2021-03-26,PETR4,PETR4,23.024837795155662,23.88,23.024837795155662,23.4825,23.4825,60918600,23.024837795155662,23.88,23.024837795155662,23.4825,1.0,23.88,23.024837795155662,0,60918600,64400,1433177694.0,1,02,010,BRPETRACNPR6,197,PN      N2,PETROBRAS
2021-03-29,PETR4,PETR4,23.253668897577832,23.83,23.253668897577832,23.57,23.57,50099700,23.253668897577832,23.83,23.253668897577832,23.57,1.0,23.83,23.253668897577832,0,50099700,66808,1182616737.0,1,02,010,BRPETRACNPR6,197,PN      N2,PETROBRAS
2021-03-30,PETR4,PETR4,23.411834448788916,23.99,23.411834448788916,23.757499999999997,23.757499999999997,41959100,23.411834448788916,23.99,23.411834448788916,23.757499999999997,1.0,23.99,23.411834448788916,0,41959100,52529,999615936.0,1,02,010,BRPETRACNPR6,197,PN      N2,PETROBRAS
2021-03-31,PETR4,PETR4,23.584667224394458,24.23,23.584667224394458,23.9775,23.9775,68609400,23.584667224394458,24.23,23.584667224394458,23.9775,1.0,24.23,23.584667224394458,0,68609400,93256,1654411869.0,1,02,010,BRPETRACNPR6,197,PN      N2,PETROBRAS
2021-04-01,PETR4,PETR4,23.78108361219723,24.39,23.78,24.087500000000002,24.087500000000002,47232900,23.78108361219723,24.39,23.78,24.087500000000002,1.0,24.39,23.78,0,47232900,51713,1134373790.0,1,02,010,BRPETRACNPR6,197,PN      N2,PETROBRAS
2021-04-05,PETR4,PETR4,23.934291806098614,24.2,23.68,24.012499999999996,24.012499999999996,40454400,23.934291806098614,24.2,23.68,24.012499999999996,1.0,24.2,23.68,0,40454400,47084,967347254.0,1,02,010,BRPETRACNPR6,197,PN      N2,PETROBRAS
2021-04-06,PETR4,PETR4,23.973395903049305,24.37,23.91,24.119999999999997,24.119999999999997,45934300,23.973395903049305,24.37,23.91,24.119999999999997,1.0,24.37,23.91,0,45934300,50269,1107244602.0,1,02,010,BRPETRACNPR6,197,PN      N2,PETROBRAS
2021-04-07,PETR4,PETR4,24.04669795152465,24.34,23.93,24.052500000000002,24.052500000000002,55892200,24.04669795152465,24.34,23.93,24.052500000000002,1.0,24.34,23.93,0,55892200,55860,1348306461.0,1,02,010,BRPETRACNPR6,197,PN      N2,PETROBRAS
2021-04-08,PETR4,PETR4,24.049598975762326,24.049598975762326,23.37,23.7725,23.7725,63231300,24.049598975762326,24.049598975762326,23.37,23.7725,1.0,24.049598975762326,23.37,0,63231300,64704,1497391792.0,1,02,010,BRPETRACNPR6,197,PN      N2,PETROBRAS
2021-04-09,PETR4,PETR4,23.911049487881165,23.911049487881165,23.37,23.575000000000003,23.575000000000003,47494400,23.911049487881165,23.911049487881165,23.37,23.575000000000003,1.0,23.911049487881165,23.37,0,47494400,56400,1122872783.0,1,02,010,BRPETRACNPR6,197,PN      N2,PETROBRAS
2021-04-12,PETR4,PETR4,23.743024743940584,24.37,23.743024743940584,24.0,24.0,50592900,23.743024743940584,24.37,23.743024743940584,24.0,1.0,24.37,23.743024743940584,0,50592900,49475,1212929206.0,1,02,010,BRPETRACNPR6,198,PN  ATZ N2,PETROBRAS
2021-04-13,PETR4,PETR4,23.87151237197029,24.11,23.69,23.9375,23.9375,53612300,23.87151237197029,24.11,23.69,23.9375,1.0,24.11,23.69,0,53612300,44287,1283722628.0,1,02,010,BRPETRACNPR6,198,PN  ATZ N2,PETROBRAS
2021-04-14,PETR4,PETR4,23.904506185985145,24.58,23.904506185985145,24.277500000000003,24.277500000000003,90836500,23.904506185985145,24.58,23.904506185985145,24.277500000000003,1.0,24.58,23.904506185985145,0,90836500,68293,2212133550.0,1,02,010,BRPETRACNPR6,198,PN  ATZ N2,PETROBRAS
2021-04-15,PETR4,PETR4,24.091003092992572,24.091003092992572,23.02,23.41,23.41,64193600,24.091003092992572,24.091003092992572,23.02,23.41,1.0,24.091003092992572,23.02,0,64193600,72424,1503485217.0,1,02,010,BRPETRACNPR6,199,PN  EDR N2,PETROBRAS
2021-04-16,PETR4,PETR4,23.750501546496288,23.750501546496288,22.81,23.0325,23.0325,59567300,23.750501546496288,23.750501546496288,22.81,23.0325,1.0,23.750501546496288,22.81,0,59567300,72551,1369801928.0,1,02,010,BRPETRACNPR6,199,PN  EX  N2,PETROBRAS
2021-04-19,PETR4,PETR4,23.391500773248143,24.89,22.77,23.7225,23.7225,196519100,23.391500773248143,24.89,22.77,23.7225,1.0,24.89,22.77,0,196519100,57905,4737993022.0,1,02,010,BRPETRACNPR6,199,PN  EX  N2,PETROBRAS
2021-04-20,PETR4,PETR4,23.557000386624072,24.59,23.557000386624072,24.125,24.125,94965400,23.557000386624072,24.59,23.557000386624072,24.125,1.0,24.59,23.557000386624072,0,94965400,81050,2281217867.0,1,02,010,BRPETRACNPR6,199,PN  EX  N2,PETROBRAS
2021-04-22,PETR4,PETR4,23.841000193312034,24.19,23.65,23.9225,23.9225,46600100,23.841000193312034,24.19,23.65,23.9225,1.0,24.19,23.65,0,46600100,53338,1112768728.0,1,02,010,BRPETRACNPR6,199,PN  EX  N2,PETROBRAS
2021-04-23,PETR4,PETR4,23.881750096656017,23.94,23.51,23.755,23.755,60341000,23.881750096656017,23.94,23.51,23.755,1.0,23.94,23.51,0,60341000,55651,1430564055.0,1,02,010,BRPETRACNPR6,199,PN  EDR N2,PETROBRAS
2021-04-26,PETR4,PETR4,23.818375048328008,24.05,23.61,23.8225,23.8225,33281000,23.818375048328008,24.05,23.61,23.8225,1.0,24.05,23.61,0,33281000,44848,792142818.0,1,02,010,BRPETRACNPR6,199,PN  EDR N2,PETROBRAS
2021-04-27,PETR4,PETR4,23.820437524164007,24.17,23.1,23.5475,23.5475,76684900,23.820437524164007,24.17,23.1,23.5475,1.0,24.17,23.1,0,76684900,74149,1804680623.0,1,02,010,BRPETRACNPR6,199,PN  EDR N2,PETROBRAS
2021-04-28,PETR4,PETR4,23.683968762082003,24.09,23.36,23.697499999999998,23.697499999999998,66374200,23.683968762082003,24.09,23.36,23.697499999999998,1.0,24.09,23.36,0,66374200,50403,1577672584.0,1,02,010,BRPETRACNPR6,199,PN      N2,PETROBRAS
2021-04-29,PETR4,PETR4,23.690734381041,24.29,23.42,23.8625,23.8625,49775900,23.690734381041,24.29,23.42,23.8625,1.0,24.29,23.42,0,49775900,56301,1179673733.0,1,02,010,BRPETRACNPR6,199,PN      N2,PETROBRAS
2021-04-30,PETR4,PETR4,23.7766171905205,23.93,23.28,23.5575,23.5575,61039200,23.7766171905205,23.93,23.28,23.5575,1.0,23.93,23.28,0,61039200,71656,1445586223.0,1,02,010,BRPETRACNPR6,199,PN      N2,PETROBRAS
2021-05-03,PETR4,PETR4,23.66705859526025,23.81,23.3,23.585,23.585,49039900,23.66705859526025,23.81,23.3,23.585,1.0,23.81,23.3,0,49039900,66960,1152078038.0,1,02,010,BRPETRACNPR6,199,PN      N2,PETROBRAS
2021-05-04,PETR4,PETR4,23.626029297630126,23.64,22.88,23.2375,23.2375,44765000,23.626029297630126,23.64,22.88,23.2375,1.0,23.64,22.88,0,44765000,62087,1037734447.0,1,02,010,BRPETRACNPR6,199,PN      N2,PETROBRAS
2021-05-05,PETR4,PETR4,23.43176464881506,23.95,23.12,23.517500000000002,23.517500000000002,75611900,23.43176464881506,23.95,23.12,23.517500000000002,1.0,23.95,23.12,0,75611900,78826,1793941091.0,1,02,010,BRPETRACNPR6,199,PN      N2,PETROBRAS
2021-05-06,PETR4,PETR4,23.47463232440753,23.85,23.4,23.615000000000002,23.615000000000002,54091600,23.47463232440753,23.85,23.4,23.615000000000002,1.0,23.85,23.4,0,54091600,60530,1275500299.0,1,02,010,BRPETRACNPR6,199,PN      N2,PETROBRAS
2021-05-07,PETR4,PETR4,23.544816162203766,24.45,23.46,23.9825,23.9825,74118200,23.544816162203766,24.45,23.46,23.9825,1.0,24.45,23.46,0,74118200,67504,1784799264.0,1,02,010,BRPETRACNPR6,199,PN      N2,PETROBRAS
2021-05-10,PETR4,PETR4,23.763658081101884,24.98,23.763658081101884,24.765,24.765,73804500,23.763658081101884,24.98,23.763658081101884,24.765,1.0,24.98,23.763658081101884,0,73804500,96364,1829933181.0,1,02,010,BRPETRACNPR6,199,PN      N2,PETROBRAS
2021-05-11,PETR4,PETR4,24.26432904055094,25.17,24.26432904055094,24.770000000000003,24.770000000000003,73729900,24.26432904055094,25.17,24.26432904055094,24.770000000000003,1.0,25.17,24.26432904055094,0,73729900,72788,1834534708.0,1,02,010,BRPETRACNPR6,199,PN      N2,PETROBRAS
2021-05-12,PETR4,PETR4,24.51716452027547,25.53,24.51716452027547,24.9875,24.9875,89980700,24.51716452027547,25.53,24.51716452027547,24.9875,1.0,25.53,24.51716452027547,0,89980700,17840,2253004626.0,1,02,010,BRPETRACNPR6,199,PN      N2,PETROBRAS
2021-05-13,PETR4,PETR4,24.752332260137734,25.1,24.43,24.819999999999997,24.819999999999997,77282100,24.752332260137734,25.1,24.43,24.819999999999997,1.0,25.1,24.43,0,77282100,81211,1915660984.0,1,02,010,BRPETRACNPR6,199,PN      N2,PETROBRAS
2021-05-14,PETR4,PETR4,24.786166130068864,26.38,24.786166130068864,26.0025,26.0025,196135500,24.786166130068864,26.38,24.786166130068864,26.0025,1.0,26.38,24.786166130068864,0,196135500,84795,5097321232.0,1,02,010,BRPETRACNPR6,199,PN      N2,PETROBRAS
2021-05-17,PETR4,PETR4,25.39433306503443,26.66,25.39433306503443,26.455,26.455,83512600,25.39433306503443,26.66,25.39433306503443,26.455,1.0,26.66,25.39433306503443,0,83512600,9538,2211611806.0,1,02,010,BRPETRACNPR6,199,PN      N2,PETROBRAS
2021-05-18,PETR4,PETR4,25.924666532517215,26.8,25.924666532517215,26.53,26.53,63510600,25.924666532517215,26.8,25.924666532517215,26.53,1.0,26.8,25.924666532517215,0,63510600,95941,1680801053.0,1,02,010,BRPETRACNPR6,199,PN      N2,PETROBRAS
2021-05-19,PETR4,PETR4,26.227333266258608,26.35,25.8,26.0375,26.0375,84700500,26.227333266258608,26.35,25.8,26.0375,1.0,26.35,25.8,0,84700500,10821,2210362939.0,1,02,010,BRPETRACNPR6,199,PN      N2,PETROBRAS
2021-05-20,PETR4,PETR4,26.132416633129303,26.28,25.72,26.020000000000003,26.020000000000003,71371100,26.132416633129303,26.28,25.72,26.020000000000003,1.0,26.28,25.72,0,71371100,70426,1850873067.0,1,02,010,BRPETRACNPR6,199,PN      N2,PETROBRAS
2021-05-21,PETR4,PETR4,26.076208316564653,26.31,25.94,26.07,26.07,82884500,26.076208316564653,26.31,25.94,26.07,1.0,26.31,25.94,0,82884500,69435,2159766391.0,1,02,010,BRPETRACNPR6,199,PN      N2,PETROBRAS
2021-05-24,PETR4,PETR4,26.073104158282327,26.52,25.99,26.294999999999998,26.294999999999998,63029600,26.073104158282327,26.52,25.99,26.294999999999998,1.0,26.52,25.99,0,63029600,73644,1659737714.0,1,02,010,BRPETRACNPR6,199,PN      N2,PETROBRAS
2021-05-25,PETR4,PETR4,26.18405207914116,26.62,25.78,26.18,26.18,63672000,26.18405207914116,26.62,25.78,26.18,1.0,26.62,25.78,0,63672000,80951,1663692249.0,1,02,010,BRPETRACNPR6,199,PN      N2,PETROBRAS
2021-05-26,PETR4,PETR4,26.18202603957058,26.18202603957058,25.65,25.957500000000003,25.957500000000003,46646900,26.18202603957058,26.18202603957058,25.65,25.957500000000003,1.0,26.18202603957058,25.65,0,46646900,56224,1208937472.0,1,02,010,BRPETRACNPR6,199,PN      N2,PETROBRAS
2021-05-27,PETR4,PETR4,26.06976301978529,26.25,25.77,26.002499999999998,26.002499999999998,48877800,26.06976301978529,26.25,25.77,26.002499999999998,1.0,26.25,25.77,0,48877800,46568,1270320773.0,1,02,010,BRPETRACNPR6,199,PN      N2,PETROBRAS
2021-05-28,PETR4,PETR4,26.036131509892645,27.02,26.036131509892645,26.59,26.59,129526400,26.036131509892645,27.02,26.036131509892645,26.59,1.0,27.02,26.036131509892645,0,129526400,10068,3465577194.0,1,02,010,BRPETRACNPR6,199,PN      N2,PETROBRAS
2021-05-31,PETR4,PETR4,26.313065754946322,27.2,26.313065754946322,26.9525,26.9525,46298900,26.313065754946322,27.2,26.313065754946322,26.9525,1.0,27.2,26.313065754946322,0,46298900,86245,1246023080.0,1,02,010,BRPETRACNPR6,199,PN      N2,PETROBRAS
2021-06-01,PETR4,PETR4,26.63278287747316,27.7,26.63278287747316,27.35,27.35,90744900,26.63278287747316,27.7,26.63278287747316,27.35,1.0,27.7,26.63278287747316,0,90744900,8086,2477377670.0,1,02,010,BRPETRACNPR6,199,PN      N2,PETROBRAS
2021-06-02,PETR4,PETR4,26.99139143873658,28.07,26.99139143873658,27.685000000000002,27.685000000000002,103985100,26.99139143873658,28.07,26.99139143873658,27.685000000000002,1.0,28.07,26.99139143873658,0,103985100,75256,2891470908.0,1,02,010,BRPETRACNPR6,199,PN      N2,PETROBRAS
2021-06-04,PETR4,PETR4,27.338195719368294,28.62,27.338195719368294,28.275,28.275,102757300,27.338195719368294,28.62,27.338195719368294,28.275,1.0,28.62,27.338195719368294,0,102757300,31962,2916351071.0,1,02,010,BRPETRACNPR6,199,PN      N2,PETROBRAS
2021-06-07,PETR4,PETR4,27.806597859684146,28.55,27.806597859684146,28.3375,28.3375,74548900,27.806597859684146,28.55,27.806597859684146,28.3375,1.0,28.55,27.806597859684146,0,74548900,82116,2106906322.0,1,02,010,BRPETRACNPR6,199,PN      N2,PETROBRAS
2021-06-08,PETR4,PETR4,28.072048929842072,28.8,27.96,28.3975,28.3975,88398600,28.072048929842072,28.8,27.96,28.3975,1.0,28.8,27.96,0,88398600,7264,2521938453.0,1,02,010,BRPETRACNPR6,199,PN      N2,PETROBRAS
2021-06-09,PETR4,PETR4,28.23477446492104,29.08,28.23477446492104,28.744999999999997,28.744999999999997,60724200,28.23477446492104,29.08,28.23477446492104,28.744999999999997,1.0,29.08,28.23477446492104,0,60724200,62990,1752401818.0,1,02,010,BRPETRACNPR6,199,PN      N2,PETROBRAS
2021-06-10,PETR4,PETR4,28.489887232460518,29.03,28.489887232460518,28.777500000000003,28.777500000000003,35544200,28.489887232460518,29.03,28.489887232460518,28.777500000000003,1.0,29.03,28.489887232460518,0,35544200,49548,1023917855.0,1,02,010,BRPETRACNPR6,199,PN      N2,PETROBRAS
2021-06-11,PETR4,PETR4,28.63369361623026,28.85,28.26,28.620000000000005,28.620000000000005,54894400,28.63369361623026,28.85,28.26,28.620000000000005,1.0,28.85,28.26,0,54894400,64858,1570412384.0,1,02,010,BRPETRACNPR6,199,PN      N2,PETROBRAS
2021-06-14,PETR4,PETR4,28.626846808115133,29.35,28.61,28.9025,28.9025,64286600,28.626846808115133,29.35,28.61,28.9025,1.0,29.35,28.61,0,64286600,67450,1863071996.0,1,02,010,BRPETRACNPR6,199,PN      N2,PETROBRAS
2021-06-15,PETR4,PETR4,28.764673404057568,29.06,28.63,28.919999999999998,28.919999999999998,42597100,28.764673404057568,29.06,28.63,28.919999999999998,1.0,29.06,28.63,0,42597100,40110,1231520526.0,1,02,010,BRPETRACNPR6,199,PN      N2,PETROBRAS
2021-06-16,PETR4,PETR4,28.84233670202878,29.29,28.77,29.07,29.07,77432900,28.84233670202878,29.29,28.77,29.07,1.0,29.29,28.77,0,77432900,73971,2249417194.0,1,02,010,BRPETRACNPR6,199,PN      N2,PETROBRAS
2021-06-17,PETR4,PETR4,28.95616835101439,29.2,27.91,28.5625,28.5625,95264600,28.95616835101439,29.2,27.91,28.5625,1.0,29.2,27.91,0,95264600,37274,2704777721.0,1,02,010,BRPETRACNPR6,199,PN      N2,PETROBRAS
2021-06-18,PETR4,PETR4,28.759334175507195,28.759334175507195,27.64,28.095,28.095,115250700,28.759334175507195,28.759334175507195,27.64,28.095,1.0,28.759334175507195,27.64,0,115250700,78578,3253464937.0,1,02,010,BRPETRACNPR6,199,PN      N2,PETROBRAS
2021-06-21,PETR4,PETR4,28.427167087753595,29.0,28.4,28.6875,28.6875,50709600,28.427167087753595,29.0,28.4,28.6875,1.0,29.0,28.4,0,50709600,73406,1462057242.0,1,02,010,BRPETRACNPR6,199,PN      N2,PETROBRAS
2021-06-22,PETR4,PETR4,28.557333543876798,29.27,28.557333543876798,29.009999999999998,29.009999999999998,41602700,28.557333543876798,29.27,28.557333543876798,29.009999999999998,1.0,29.27,28.557333543876798,0,41602700,58540,1203478250.0,1,02,010,BRPETRACNPR6,199,PN      N2,PETROBRAS
2021-06-23,PETR4,PETR4,28.7836667719384,29.52,28.7836667719384,29.2675,29.2675,57278500,28.7836667719384,29.52,28.7836667719384,29.2675,1.0,29.52,28.7836667719384,0,57278500,62937,1678227389.0,1,02,010,BRPETRACNPR6,199,PN      N2,PETROBRAS
2021-06-24,PETR4,PETR4,29.0255833859692,29.65,29.0255833859692,29.502499999999998,29.502499999999998,51447000,29.0255833859692,29.65,29.0255833859692,29.502499999999998,1.0,29.65,29.0255833859692,0,51447000,50201,1514355509.0,1,02,010,BRPETRACNPR6,199,PN      N2,PETROBRAS
2021-06-25,PETR4,PETR4,29.2640416929846,29.79,28.95,29.3825,29.3825,84950900,29.2640416929846,29.79,28.95,29.3825,1.0,29.79,28.95,0,84950900,78340,2498432530.0,1,02,010,BRPETRACNPR6,199,PN      N2,PETROBRAS
2021-06-28,PETR4,PETR4,29.3232708464923,29.3232708464923,28.67,29.0425,29.0425,40341200,29.3232708464923,29.3232708464923,28.67,29.0425,1.0,29.3232708464923,28.67,0,40341200,55543,1168213302.0,1,02,010,BRPETRACNPR6,199,PN      N2,PETROBRAS
2021-06-29,PETR4,PETR4,29.182885423246148,29.182885423246148,28.74,29.0475,29.0475,43215200,29.182885423246148,29.182885423246148,28.74,29.0475,1.0,29.182885423246148,28.74,0,43215200,60844,1254495839.0,1,02,010,BRPETRACNPR6,199,PN      N2,PETROBRAS
2021-06-30,PETR4,PETR4,29.115192711623074,29.57,28.92,29.237500000000004,29.237500000000004,71367600,29.115192711623074,29.57,28.92,29.237500000000004,1.0,29.57,28.92,0,71367600,91992,2096569207.0,1,02,010,BRPETRACNPR6,199,PN      N2,PETROBRAS
2021-07-01,PETR4,PETR4,29.17634635581154,29.88,28.92,29.4,29.4,65084000,29.17634635581154,29.88,28.92,29.4,1.0,29.88,28.92,0,65084000,91884,1903081739.0,1,02,010,BRPETRACNPR6,199,PN      N2,PETROBRAS
2021-07-02,PETR4,PETR4,29.28817317790577,29.38,28.73,29.1475,29.1475,37336700,29.28817317790577,29.38,28.73,29.1475,1.0,29.38,28.73,0,37336700,55587,1085021180.0,1,02,010,BRPETRACNPR6,199,PN      N2,PETROBRAS
2021-07-05,PETR4,PETR4,29.217836588952885,29.217836588952885,28.37,28.847500000000004,28.847500000000004,56028600,29.217836588952885,29.217836588952885,28.37,28.847500000000004,1.0,29.217836588952885,28.37,0,56028600,65434,1613218829.0,1,02,010,BRPETRACNPR6,199,PN      N2,PETROBRAS
2021-07-06,PETR4,PETR4,29.032668294476444,29.032668294476444,27.67,28.21,28.21,97839700,29.032668294476444,29.032668294476444,27.67,28.21,1.0,29.032668294476444,27.67,0,97839700,26387,2743581633.0,1,02,010,BRPETRACNPR6,199,PN      N2,PETROBRAS
2021-07-07,PETR4,PETR4,28.621334147238223,28.621334147238223,27.41,27.939999999999998,27.939999999999998,73793500,28.621334147238223,28.621334147238223,27.41,27.939999999999998,1.0,28.621334147238223,27.41,0,73793500,79845,2058664956.0,1,02,010,BRPETRACNPR6,199,PN      N2,PETROBRAS
2021-07-08,PETR4,PETR4,28.28066707361911,28.28066707361911,27.27,27.459999999999997,27.459999999999997,80574200,28.28066707361911,28.28066707361911,27.27,27.459999999999997,1.0,28.28066707361911,27.27,0,80574200,87926,2212383961.0,1,02,010,BRPETRACNPR6,199,PN      N2,PETROBRAS
2021-07-12,PETR4,PETR4,27.870333536809554,27.870333536809554,27.28,27.5925,27.5925,53001200,27.870333536809554,27.870333536809554,27.28,27.5925,1.0,27.870333536809554,27.28,0,53001200,66536,1461734755.0,1,02,010,BRPETRACNPR6,199,PN      N2,PETROBRAS
2021-07-13,PETR4,PETR4,27.731416768404777,27.97,27.38,27.7025,27.7025,41594300,27.731416768404777,27.97,27.38,27.7025,1.0,27.97,27.38,0,41594300,78823,1151551488.0,1,02,010,BRPETRACNPR6,199,PN      N2,PETROBRAS
2021-07-14,PETR4,PETR4,27.71695838420239,28.2,27.54,27.8775,27.8775,51654600,27.71695838420239,28.2,27.54,27.8775,1.0,28.2,27.54,0,51654600,68874,1437184440.0,1,02,010,BRPETRACNPR6,199,PN      N2,PETROBRAS
2021-07-15,PETR4,PETR4,27.797229192101195,27.797229192101195,26.92,27.279999999999998,27.279999999999998,67982600,27.797229192101195,27.797229192101195,26.92,27.279999999999998,1.0,27.797229192101195,26.92,0,67982600,5846,1853588094.0,1,02,010,BRPETRACNPR6,199,PN      N2,PETROBRAS
2021-07-16,PETR4,PETR4,27.538614596050596,27.538614596050596,26.58,26.9675,26.9675,69024100,27.538614596050596,27.538614596050596,26.58,26.9675,1.0,27.538614596050596,26.58,0,69024100,69316,1857305939.0,1,02,010,BRPETRACNPR6,199,PN      N2,PETROBRAS
2021-07-19,PETR4,PETR4,27.253057298025297,27.253057298025297,25.86,26.13,26.13,80087700,27.253057298025297,27.253057298025297,25.86,26.13,1.0,27.253057298025297,25.86,0,80087700,34498,2090071315.0,1,02,010,BRPETRACNPR6,199,PN      N2,PETROBRAS
2021-07-20,PETR4,PETR4,26.691528649012646,26.94,25.9,26.405,26.405,63408800,26.691528649012646,26.94,25.9,26.405,1.0,26.94,25.9,0,63408800,73136,1679501843.0,1,02,010,BRPETRACNPR6,199,PN      N2,PETROBRAS
2021-07-21,PETR4,PETR4,26.548264324506324,27.24,26.548264324506324,26.895000000000003,26.895000000000003,51116600,26.548264324506324,27.24,26.548264324506324,26.895000000000003,1.0,27.24,26.548264324506324,0,51116600,63407,1380357580.0,1,02,010,BRPETRACNPR6,199,PN      N2,PETROBRAS
2021-07-22,PETR4,PETR4,26.721632162253165,27.22,26.71,26.957500000000003,26.957500000000003,37736500,26.721632162253165,27.22,26.71,26.957500000000003,1.0,27.22,26.71,0,37736500,50394,1016849699.0,1,02,010,BRPETRACNPR6,199,PN      N2,PETROBRAS
2021-07-23,PETR4,PETR4,26.839566081126584,27.17,26.68,26.9225,26.9225,34025500,26.839566081126584,27.17,26.68,26.9225,1.0,27.17,26.68,0,34025500,38817,914433669.0,1,02,010,BRPETRACNPR6,199,PN      N2,PETROBRAS
2021-07-26,PETR4,PETR4,26.881033040563292,27.47,26.72,27.099999999999998,27.099999999999998,46802600,26.881033040563292,27.47,26.72,27.099999999999998,1.0,27.47,26.72,0,46802600,64339,1273424812.0,1,02,010,BRPETRACNPR6,199,PN      N2,PETROBRAS
2021-07-27,PETR4,PETR4,26.990516520281645,27.4,26.9,27.200000000000003,27.200000000000003,51901800,26.990516520281645,27.4,26.9,27.200000000000003,1.0,27.4,26.9,0,51901800,66164,1410080587.0,1,02,010,BRPETRACNPR6,199,PN      N2,PETROBRAS
2021-07-28,PETR4,PETR4,27.095258260140824,27.9,27.095258260140824,27.560000000000002,27.560000000000002,46727100,27.095258260140824,27.9,27.095258260140824,27.560000000000002,1.0,27.9,27.095258260140824,0,46727100,55859,1289278835.0,1,02,010,BRPETRACNPR6,199,PN      N2,PETROBRAS
2021-07-29,PETR4,PETR4,27.327629130070413,27.92,27.327629130070413,27.7575,27.7575,43916600,27.327629130070413,27.92,27.327629130070413,27.7575,1.0,27.92,27.327629130070413,0,43916600,67600,1219581983.0,1,02,010,BRPETRACNPR6,199,PN      N2,PETROBRAS
2021-07-30,PETR4,PETR4,27.542564565035207,27.83,26.83,27.292499999999997,27.292499999999997,74150400,27.542564565035207,27.83,26.83,27.292499999999997,1.0,27.83,26.83,0,74150400,86482,2020672478.0,1,02,010,BRPETRACNPR6,199,PN      N2,PETROBRAS
2021-08-02,PETR4,PETR4,27.4175322825176,27.4175322825176,26.37,26.8475,26.8475,70528800,27.4175322825176,27.4175322825176,26.37,26.8475,1.0,27.4175322825176,26.37,0,70528800,94024,1894834954.0,1,02,010,BRPETRACNPR6,199,PN      N2,PETROBRAS
2021-08-03,PETR4,PETR4,27.1325161412588,27.1325161412588,25.79,26.4675,26.4675,71850400,27.1325161412588,27.1325161412588,25.79,26.4675,1.0,27.1325161412588,25.79,0,71850400,95752,1898481499.0,1,02,010,BRPETRACNPR6,199,PN      N2,PETROBRAS
2021-08-04,PETR4,PETR4,26.800008070629403,26.800008070629403,25.95,26.3875,26.3875,87970600,26.800008070629403,26.800008070629403,25.95,26.3875,1.0,26.800008070629403,25.95,0,87970600,22189,2312194443.0,1,02,010,BRPETRACNPR6,199,PN      N2,PETROBRAS
2021-08-05,PETR4,PETR4,26.593754035314703,28.98,26.593754035314703,28.535000000000004,28.535000000000004,223915900,26.593754035314703,28.98,26.593754035314703,28.535000000000004,1.0,28.98,26.593754035314703,0,223915900,30239,6396065674.0,1,02,010,BRPETRACNPR6,199,PN      N2,PETROBRAS
2021-08-06,PETR4,PETR4,27.564377017657353,28.54,27.564377017657353,28.3625,28.3625,51106100,27.564377017657353,28.54,27.564377017657353,28.3625,1.0,28.54,27.564377017657353,0,51106100,85980,1447124909.0,1,02,010,BRPETRACNPR6,199,PN      N2,PETROBRAS
2021-08-09,PETR4,PETR4,27.963438508828677,28.21,27.67,28.005,28.005,75381900,27.963438508828677,28.21,27.67,28.005,1.0,28.21,27.67,0,75381900,18853,2112455154.0,1,02,010,BRPETRACNPR6,199,PN      N2,PETROBRAS
2021-08-10,PETR4,PETR4,27.984219254414338,28.78,27.984219254414338,28.4,28.4,84380900,27.984219254414338,28.78,27.984219254414338,28.4,1.0,28.78,27.984219254414338,0,84380900,82030,2406940710.0,1,02,010,BRPETRACNPR6,199,PN      N2,PETROBRAS
2021-08-11,PETR4,PETR4,28.192109627207167,28.99,27.97,28.4475,28.4475,97863500,28.192109627207167,28.99,27.97,28.4475,1.0,28.99,27.97,0,97863500,95571,2796760899.0,1,02,010,BRPETRACNPR6,199,PN      N2,PETROBRAS
2021-08-12,PETR4,PETR4,28.319804813603582,29.19,28.319804813603582,28.862499999999997,28.862499999999997,95319300,28.319804813603582,29.19,28.319804813603582,28.862499999999997,1.0,29.19,28.319804813603582,0,95319300,89608,2758691446.0,1,02,010,BRPETRACNPR6,199,PN      N2,PETROBRAS
2021-08-13,PETR4,PETR4,28.59115240680179,29.61,28.59115240680179,29.259999999999998,29.259999999999998,85201800,28.59115240680179,29.61,28.59115240680179,29.259999999999998,1.0,29.61,28.59115240680179,0,85201800,18621,2500010783.0,1,02,010,BRPETRACNPR6,199,PN      N2,PETROBRAS
2021-08-16,PETR4,PETR4,28.925576203400894,29.24,28.24,28.83,28.83,101262100,28.925576203400894,29.24,28.24,28.83,1.0,29.24,28.24,0,101262100,40055,2906447753.0,1,02,010,BRPETRACNPR6,199,PN      N2,PETROBRAS
2021-08-17,PETR4,PETR4,28.877788101700446,28.877788101700446,26.45,26.9875,26.9875,93623700,28.877788101700446,28.877788101700446,26.45,26.9875,1.0,28.877788101700446,26.45,0,93623700,27839,2528269847.0,1,02,010,BRPETRACNPR6,200,PN  ED  N2,PETROBRAS
2021-08-18,PETR4,PETR4,27.93264405085022,27.93264405085022,26.65,26.945,26.945,86103100,27.93264405085022,27.93264405085022,26.65,26.945,1.0,27.93264405085022,26.65,0,86103100,7906,2323922125.0,1,02,010,BRPETRACNPR6,200,PN  ED  N2,PETROBRAS
2021-08-19,PETR4,PETR4,27.43882202542511,27.43882202542511,26.13,26.475,26.475,80808200,27.43882202542511,27.43882202542511,26.13,26.475,1.0,27.43882202542511,26.13,0,80808200,12671,2141983993.0,1,02,010,BRPETRACNPR6,200,PN  ED  N2,PETROBRAS
2021-08-20,PETR4,PETR4,26.956911012712556,26.956911012712556,26.17,26.450000000000003,26.450000000000003,88445600,26.956911012712556,26.956911012712556,26.17,26.450000000000003,1.0,26.956911012712556,26.17,0,88445600,84027,2336193641.0,1,02,010,BRPETRACNPR6,200,PN  ED  N2,PETROBRAS
2021-08-23,PETR4,PETR4,26.703455506356278,27.31,26.703455506356278,27.009999999999998,27.009999999999998,70161500,26.703455506356278,27.31,26.703455506356278,27.009999999999998,1.0,27.31,26.703455506356278,0,70161500,3457,1902454555.0,1,02,010,BRPETRACNPR6,200,PN  ED  N2,PETROBRAS
2021-08-24,PETR4,PETR4,26.856727753178138,27.63,26.856727753178138,27.435,27.435,49831400,26.856727753178138,27.63,26.856727753178138,27.435,1.0,27.63,26.856727753178138,0,49831400,59301,1367195060.0,1,02,010,BRPETRACNPR6,200,PN  ED  N2,PETROBRAS
2021-08-25,PETR4,PETR4,27.14586387658907,27.83,27.14586387658907,27.6425,27.6425,46031200,27.14586387658907,27.83,27.14586387658907,27.6425,1.0,27.83,27.14586387658907,0,46031200,73771,1271495995.0,1,02,010,BRPETRACNPR6,200,PN  ED  N2,PETROBRAS
2021-08-26,PETR4,PETR4,27.394181938294533,27.88,27.394181938294533,27.604999999999997,27.604999999999997,41061300,27.394181938294533,27.88,27.394181938294533,27.604999999999997,1.0,27.88,27.394181938294533,0,41061300,65168,1134994785.0,1,02,010,BRPETRACNPR6,200,PN  ED  N2,PETROBRAS
2021-08-27,PETR4,PETR4,27.499590969147263,28.49,27.499590969147263,28.0875,28.0875,76465300,27.499590969147263,28.49,27.499590969147263,28.0875,1.0,28.49,27.499590969147263,0,76465300,75383,2151079247.0,1,02,010,BRPETRACNPR6,200,PN      N2,PETROBRAS
2021-08-30,PETR4,PETR4,27.79354548457363,28.71,27.79354548457363,28.4175,28.4175,61054000,27.79354548457363,28.71,27.79354548457363,28.4175,1.0,28.71,27.79354548457363,0,61054000,78068,1737228917.0,1,02,010,BRPETRACNPR6,200,PN      N2,PETROBRAS
2021-08-31,PETR4,PETR4,28.105522742286816,28.23,26.99,27.6525,27.6525,110574300,28.105522742286816,28.23,26.99,27.6525,1.0,28.23,26.99,0,110574300,39214,3044998697.0,1,02,010,BRPETRACNPR6,200,PN      N2,PETROBRAS
2021-09-01,PETR4,PETR4,27.879011371143406,27.879011371143406,26.33,27.0075,27.0075,69430400,27.879011371143406,27.879011371143406,26.33,27.0075,1.0,27.879011371143406,26.33,0,69430400,35640,1868732835.0,1,02,010,BRPETRACNPR6,200,PN      N2,PETROBRAS
2021-09-02,PETR4,PETR4,27.443255685571703,27.443255685571703,26.46,26.8525,26.8525,56052000,27.443255685571703,27.443255685571703,26.46,26.8525,1.0,27.443255685571703,26.46,0,56052000,93771,1506772759.0,1,02,010,BRPETRACNPR6,200,PN      N2,PETROBRAS
2021-09-03,PETR4,PETR4,27.147877842785853,27.147877842785853,26.1,26.465,26.465,58182700,27.147877842785853,27.147877842785853,26.1,26.465,1.0,27.147877842785853,26.1,0,58182700,73627,1532474980.0,1,02,010,BRPETRACNPR6,200,PN      N2,PETROBRAS
2021-09-06,PETR4,PETR4,26.806438921392925,26.806438921392925,26.15,26.3825,26.3825,26758900,26.806438921392925,26.806438921392925,26.15,26.3825,1.0,26.806438921392925,26.15,0,26758900,40229,709445234.0,1,02,010,BRPETRACNPR6,200,PN      N2,PETROBRAS
2021-09-08,PETR4,PETR4,26.594469460696462,26.594469460696462,24.79,25.6,25.6,80378400,26.594469460696462,26.594469460696462,24.79,25.6,1.0,26.594469460696462,24.79,0,80378400,9635,2050904696.0,1,02,010,BRPETRACNPR6,200,PN      N2,PETROBRAS
2021-09-09,PETR4,PETR4,26.097234730348234,26.097234730348234,24.14,25.15,25.15,156617100,26.097234730348234,26.097234730348234,24.14,25.15,1.0,26.097234730348234,24.14,0,156617100,79660,3888608626.0,1,02,010,BRPETRACNPR6,200,PN      N2,PETROBRAS
2021-09-10,PETR4,PETR4,25.623617365174116,26.14,25.33,25.7075,25.7075,78379900,25.623617365174116,26.14,25.33,25.7075,1.0,26.14,25.33,0,78379900,25590,2006437339.0,1,02,010,BRPETRACNPR6,200,PN      N2,PETROBRAS
2021-09-13,PETR4,PETR4,25.665558682587058,26.39,25.64,26.015,26.015,63317900,25.665558682587058,26.39,25.64,26.015,1.0,26.39,25.64,0,63317900,2637,1653603988.0,1,02,010,BRPETRACNPR6,200,PN      N2,PETROBRAS
2021-09-14,PETR4,PETR4,25.84027934129353,26.25,25.72,25.95,25.95,65497300,25.84027934129353,26.25,25.72,25.95,1.0,26.25,25.72,0,65497300,83794,1700446714.0,1,02,010,BRPETRACNPR6,200,PN      N2,PETROBRAS
2021-09-15,PETR4,PETR4,25.895139670646763,26.46,25.87,26.165,26.165,67274100,25.895139670646763,26.46,25.87,26.165,1.0,26.46,25.87,0,67274100,94523,1761663708.0,1,02,010,BRPETRACNPR6,200,PN      N2,PETROBRAS
2021-09-16,PETR4,PETR4,26.03006983532338,26.24,25.51,25.9825,25.9825,65567700,26.03006983532338,26.24,25.51,25.9825,1.0,26.24,25.51,0,65567700,86616,1697717152.0,1,02,010,BRPETRACNPR6,200,PN      N2,PETROBRAS
2021-09-17,PETR4,PETR4,26.00628491766169,26.02,24.77,25.4225,25.4225,131694100,26.00628491766169,26.02,24.77,25.4225,1.0,26.02,24.77,0,131694100,46403,3314275537.0,1,02,010,BRPETRACNPR6,200,PN      N2,PETROBRAS
2021-09-20,PETR4,PETR4,25.714392458830844,25.714392458830844,23.79,24.292499999999997,24.292499999999997,80260600,25.714392458830844,25.714392458830844,23.79,24.292499999999997,1.0,25.714392458830844,23.79,0,80260600,12768,1946455881.0,1,02,010,BRPETRACNPR6,200,PN      N2,PETROBRAS
2021-09-21,PETR4,PETR4,25.00344622941542,25.29,24.53,25.027500000000003,25.027500000000003,64570200,25.00344622941542,25.29,24.53,25.027500000000003,1.0,25.29,24.53,0,64570200,86984,1614962485.0,1,02,010,BRPETRACNPR6,200,PN      N2,PETROBRAS
2021-09-22,PETR4,PETR4,25.01547311470771,26.22,25.01547311470771,25.78,25.78,70231800,25.01547311470771,26.22,25.01547311470771,25.78,1.0,26.22,25.01547311470771,0,70231800,94386,1821253950.0,1,02,010,BRPETRACNPR6,200,PN      N2,PETROBRAS
2021-09-23,PETR4,PETR4,25.397736557353856,26.95,25.397736557353856,26.4125,26.4125,84480600,25.397736557353856,26.95,25.397736557353856,26.4125,1.0,26.95,25.397736557353856,0,84480600,57595,2246794270.0,1,02,010,BRPETRACNPR6,200,PN      N2,PETROBRAS
2021-09-24,PETR4,PETR4,25.90511827867693,27.06,25.90511827867693,26.744999999999997,26.744999999999997,44821500,25.90511827867693,27.06,25.90511827867693,26.744999999999997,1.0,27.06,25.90511827867693,0,44821500,71890,1203352751.0,1,02,010,BRPETRACNPR6,200,PN      N2,PETROBRAS
2021-09-27,PETR4,PETR4,26.325059139338464,27.46,26.325059139338464,27.06,27.06,89178700,26.325059139338464,27.46,26.325059139338464,27.06,1.0,27.46,26.325059139338464,0,89178700,25,2423289325.0,1,02,010,BRPETRACNPR6,200,PN      N2,PETROBRAS
2021-09-28,PETR4,PETR4,26.692529569669233,27.89,26.692529569669233,27.189999999999998,27.189999999999998,117874300,26.692529569669233,27.89,26.692529569669233,27.189999999999998,1.0,27.89,26.692529569669233,0,117874300,75574,3219775559.0,1,02,010,BRPETRACNPR6,200,PN      N2,PETROBRAS
2021-09-29,PETR4,PETR4,26.941264784834615,27.53,26.82,27.2375,27.2375,58731700,26.941264784834615,27.53,26.82,27.2375,1.0,27.53,26.82,0,58731700,87940,1602668675.0,1,02,010,BRPETRACNPR6,200,PN      N2,PETROBRAS
2021-09-30,PETR4,PETR4,27.089382392417306,27.58,27.089382392417306,27.3775,27.3775,65744000,27.089382392417306,27.58,27.089382392417306,27.3775,1.0,27.58,27.089382392417306,0,65744000,81596,1798873759.0,1,02,010,BRPETRACNPR6,200,PN      N2,PETROBRAS
2021-10-01,PETR4,PETR4,27.233441196208652,28.0,27.07,27.5475,27.5475,60983200,27.233441196208652,28.0,27.07,27.5475,1.0,28.0,27.07,0,60983200,95980,1688735113.0,1,02,010,BRPETRACNPR6,200,PN      N2,PETROBRAS
2021-10-04,PETR4,PETR4,27.390470598104326,28.81,27.390470598104326,28.269999999999996,28.269999999999996,106937000,27.390470598104326,28.81,27.390470598104326,28.269999999999996,1.0,28.81,27.390470598104326,0,106937000,37267,3035666645.0,1,02,010,BRPETRACNPR6,200,PN      N2,PETROBRAS
2021-10-05,PETR4,PETR4,27.830235299052163,29.47,27.830235299052163,29.1975,29.1975,100469100,27.830235299052163,29.47,27.830235299052163,29.1975,1.0,29.47,27.830235299052163,0,100469100,34750,2940669917.0,1,02,010,BRPETRACNPR6,200,PN      N2,PETROBRAS
2021-10-06,PETR4,PETR4,28.513867649526084,29.17,28.47,28.8075,28.8075,84599400,28.513867649526084,29.17,28.47,28.8075,1.0,29.17,28.47,0,84599400,90807,2430870018.0,1,02,010,BRPETRACNPR6,200,PN      N2,PETROBRAS
2021-10-07,PETR4,PETR4,28.66068382476304,28.98,28.25,28.6325,28.6325,60551100,28.66068382476304,28.98,28.25,28.6325,1.0,28.98,28.25,0,60551100,76464,1738313156.0,1,02,010,BRPETRACNPR6,200,PN      N2,PETROBRAS
2021-10-08,PETR4,PETR4,28.64659191238152,29.61,28.64659191238152,29.11,29.11,84170500,28.64659191238152,29.61,28.64659191238152,29.11,1.0,29.61,28.64659191238152,0,84170500,36950,2452182197.0,1,02,010,BRPETRACNPR6,200,PN      N2,PETROBRAS
2021-10-11,PETR4,PETR4,28.87829595619076,29.85,28.87829595619076,29.455,29.455,76466700,28.87829595619076,29.85,28.87829595619076,29.455,1.0,29.85,28.87829595619076,0,76466700,1944,2262140058.0,1,02,010,BRPETRACNPR6,200,PN      N2,PETROBRAS
2021-10-13,PETR4,PETR4,29.16664797809538,29.7,29.08,29.395,29.395,55605400,29.16664797809538,29.7,29.08,29.395,1.0,29.7,29.08,0,55605400,11896,1640096096.0,1,02,010,BRPETRACNPR6,200,PN      N2,PETROBRAS
2021-10-14,PETR4,PETR4,29.28082398904769,30.22,29.28082398904769,29.814999999999998,29.814999999999998,76172700,29.28082398904769,30.22,29.28082398904769,29.814999999999998,1.0,30.22,29.28082398904769,0,76172700,46732,2276140256.0,1,02,010,BRPETRACNPR6,200,PN      N2,PETROBRAS
2021-10-15,PETR4,PETR4,29.547911994523844,29.84,29.51,29.6875,29.6875,72479900,29.547911994523844,29.84,29.51,29.6875,1.0,29.84,29.51,0,72479900,77361,2147727681.0,1,02,010,BRPETRACNPR6,200,PN      N2,PETROBRAS
2021-10-18,PETR4,PETR4,29.617705997261922,29.64,28.99,29.37,29.37,68971300,29.617705997261922,29.64,28.99,29.37,1.0,29.64,28.99,0,68971300,96698,2026602314.0,1,02,010,BRPETRACNPR6,200,PN      N2,PETROBRAS
2021-10-19,PETR4,PETR4,29.493852998630963,29.493852998630963,27.86,28.6075,28.6075,111484000,29.493852998630963,29.493852998630963,27.86,28.6075,1.0,29.493852998630963,27.86,0,111484000,41660,3168280872.0,1,02,010,BRPETRACNPR6,200,PN      N2,PETROBRAS
2021-10-20,PETR4,PETR4,29.050676499315482,29.050676499315482,27.95,28.357499999999998,28.357499999999998,56063300,29.050676499315482,29.050676499315482,27.95,28.357499999999998,1.0,29.050676499315482,27.95,0,56063300,81047,1593119741.0,1,02,010,BRPETRACNPR6,200,PN      N2,PETROBRAS
2021-10-21,PETR4,PETR4,28.70408824965774,28.70408824965774,26.92,27.602500000000003,27.602500000000003,101567700,28.70408824965774,28.70408824965774,26.92,27.602500000000003,1.0,28.70408824965774,26.92,0,101567700,18561,2788335900.0,1,02,010,BRPETRACNPR6,200,PN      N2,PETROBRAS
2021-10-22,PETR4,PETR4,28.15329412482887,28.15329412482887,25.77,26.9525,26.9525,138384700,28.15329412482887,28.15329412482887,25.77,26.9525,1.0,28.15329412482887,25.77,0,138384700,30783,3704265958.0,1,02,010,BRPETRACNPR6,200,PN      N2,PETROBRAS
2021-10-25,PETR4,PETR4,27.552897062414438,29.31,27.552897062414438,28.439999999999998,28.439999999999998,135830600,27.552897062414438,29.31,27.552897062414438,28.439999999999998,1.0,29.31,27.552897062414438,0,135830600,75879,3885014023.0,1,02,010,BRPETRACNPR6,200,PN      N2,PETROBRAS
2021-10-26,PETR4,PETR4,27.996448531207218,29.23,27.996448531207218,28.8475,28.8475,57865600,27.996448531207218,29.23,27.996448531207218,28.8475,1.0,29.23,27.996448531207218,0,57865600,94979,1673248644.0,1,02,010,BRPETRACNPR6,200,PN      N2,PETROBRAS
2021-10-27,PETR4,PETR4,28.42197426560361,29.06,28.42197426560361,28.7625,28.7625,57579200,28.42197426560361,29.06,28.42197426560361,28.7625,1.0,29.06,28.42197426560361,0,57579200,82009,1658817923.0,1,02,010,BRPETRACNPR6,200,PN      N2,PETROBRAS
2021-10-28,PETR4,PETR4,28.592237132801806,29.25,28.25,28.747500000000002,28.747500000000002,89578000,28.592237132801806,29.25,28.25,28.747500000000002,1.0,29.25,28.25,0,89578000,9382,2587204567.0,1,02,010,BRPETRACNPR6,200,PN      N2,PETROBRAS
2021-10-29,PETR4,PETR4,28.669868566400904,29.19,26.97,28.134999999999998,28.134999999999998,157340000,28.669868566400904,29.19,26.97,28.134999999999998,1.0,29.19,26.97,0,157340000,8590,4379339043.0,1,02,010,BRPETRACNPR6,200,PN      N2,PETROBRAS
2021-11-01,PETR4,PETR4,28.40243428320045,28.40243428320045,27.37,27.85,27.85,102157200,28.40243428320045,28.40243428320045,27.37,27.85,1.0,28.40243428320045,27.37,0,102157200,1583,2850483300.0,1,02,010,BRPETRACNPR6,200,PN      N2,PETROBRAS
2021-11-03,PETR4,PETR4,28.126217141600225,28.126217141600225,26.8,27.302500000000002,27.302500000000002,83475800,28.126217141600225,28.126217141600225,26.8,27.302500000000002,1.0,28.126217141600225,26.8,0,83475800,3943,2276339939.0,1,02,010,BRPETRACNPR6,200,PN      N2,PETROBRAS
2021-11-04,PETR4,PETR4,27.714358570800115,27.714358570800115,25.85,26.5275,26.5275,92603400,27.714358570800115,27.714358570800115,25.85,26.5275,1.0,27.714358570800115,25.85,0,92603400,9714,2429932574.0,1,02,010,BRPETRACNPR6,200,PN      N2,PETROBRAS
2021-11-05,PETR4,PETR4,27.12092928540006,27.12092928540006,25.78,26.115000000000002,26.115000000000002,86264000,27.12092928540006,27.12092928540006,25.78,26.115000000000002,1.0,27.12092928540006,25.78,0,86264000,79943,2245787006.0,1,02,010,BRPETRACNPR6,200,PN      N2,PETROBRAS
2021-11-08,PETR4,PETR4,26.61796464270003,26.66,25.72,26.0775,26.0775,59704100,26.61796464270003,26.66,25.72,26.0775,1.0,26.66,25.72,0,59704100,1923,1565636285.0,1,02,010,BRPETRACNPR6,200,PN      N2,PETROBRAS
2021-11-09,PETR4,PETR4,26.347732321350016,26.95,26.2,26.4975,26.4975,73021700,26.347732321350016,26.95,26.2,26.4975,1.0,26.95,26.2,0,73021700,14537,1946094907.0,1,02,010,BRPETRACNPR6,200,PN      N2,PETROBRAS
2021-11-10,PETR4,PETR4,26.422616160675005,26.93,26.16,26.53,26.53,68176300,26.422616160675005,26.93,26.16,26.53,1.0,26.93,26.16,0,68176300,84268,1814873435.0,1,02,010,BRPETRACNPR6,200,PN      N2,PETROBRAS
2021-11-11,PETR4,PETR4,26.476308080337503,26.88,26.24,26.6125,26.6125,60848900,26.476308080337503,26.88,26.24,26.6125,1.0,26.88,26.24,0,60848900,71139,1609479918.0,1,02,010,BRPETRACNPR6,200,PN      N2,PETROBRAS
2021-11-12,PETR4,PETR4,26.54440404016875,27.16,26.0,26.615,26.615,85962500,26.54440404016875,27.16,26.0,26.615,1.0,27.16,26.0,0,85962500,93108,2281888532.0,1,02,010,BRPETRACNPR6,200,PN      N2,PETROBRAS
2021-11-16,PETR4,PETR4,26.579702020084376,27.56,26.579702020084376,27.18,27.18,60978200,26.579702020084376,27.56,26.579702020084376,27.18,1.0,27.56,26.579702020084376,0,60978200,16836,1656328818.0,1,02,010,BRPETRACNPR6,200,PN      N2,PETROBRAS
2021-11-17,PETR4,PETR4,26.879851010042188,27.44,26.49,26.974999999999998,26.974999999999998,82106800,26.879851010042188,27.44,26.49,26.974999999999998,1.0,27.44,26.49,0,82106800,94441,2214734019.0,1,02,010,BRPETRACNPR6,200,PN      N2,PETROBRAS
2021-11-18,PETR4,PETR4,26.92742550502109,26.92742550502109,26.05,26.5075,26.5075,63993000,26.92742550502109,26.92742550502109,26.05,26.5075,1.0,26.92742550502109,26.05,0,63993000,2031,1689524313.0,1,02,010,BRPETRACNPR6,200,PN      N2,PETROBRAS
2021-11-19,PETR4,PETR4,26.717462752510546,26.717462752510546,25.78,26.064999999999998,26.064999999999998,85893800,26.717462752510546,26.717462752510546,25.78,26.064999999999998,1.0,26.717462752510546,25.78,0,85893800,87276,2237587474.0,1,02,010,BRPETRACNPR6,200,PN      N2,PETROBRAS
2021-11-22,PETR4,PETR4,26.39123137625527,27.13,26.29,26.52,26.52,59195200,26.39123137625527,27.13,26.29,26.52,1.0,27.13,26.29,0,59195200,87131,1584092593.0,1,02,010,BRPETRACNPR6,200,PN      N2,PETROBRAS
2021-11-23,PETR4,PETR4,26.455615688127637,28.05,26.455615688127637,27.24,27.24,108382300,26.455615688127637,28.05,26.455615688127637,27.24,1.0,28.05,26.455615688127637,0,108382300,76295,2981436983.0,1,02,010,BRPETRACNPR6,200,PN      N2,PETROBRAS
2021-11-24,PETR4,PETR4,26.847807844063816,28.44,26.847807844063816,28.025000000000002,28.025000000000002,64263300,26.847807844063816,28.44,26.847807844063816,28.025000000000002,1.0,28.44,26.847807844063816,0,64263300,82967,1804347882.0,1,02,010,BRPETRACNPR6,200,PN      N2,PETROBRAS
2021-11-25,PETR4,PETR4,27.436403922031907,29.79,27.436403922031907,29.255000000000003,29.255000000000003,104052200,27.436403922031907,29.79,27.436403922031907,29.255000000000003,1.0,29.79,27.436403922031907,0,104052200,51902,3052154036.0,1,02,010,BRPETRACNPR6,200,PN      N2,PETROBRAS
2021-11-26,PETR4,PETR4,28.345701961015955,29.16,28.07,28.5225,28.5225,108871800,28.345701961015955,29.16,28.07,28.5225,1.0,29.16,28.07,0,108871800,49700,3107134558.0,1,02,010,BRPETRACNPR6,200,PN      N2,PETROBRAS
2021-11-29,PETR4,PETR4,28.434100980507978,29.82,28.434100980507978,29.365,29.365,84672200,28.434100980507978,29.82,28.434100980507978,29.365,1.0,29.82,28.434100980507978,0,84672200,36968,2489451619.0,1,02,010,BRPETRACNPR6,200,PN      N2,PETROBRAS
2021-11-30,PETR4,PETR4,28.899550490253986,29.64,28.86,29.307499999999997,29.307499999999997,129384600,28.899550490253986,29.64,28.86,29.307499999999997,1.0,29.64,28.86,0,129384600,29873,3790122030.0,1,02,010,BRPETRACNPR6,200,PN      N2,PETROBRAS
2021-12-01,PETR4,PETR4,29.103525245126992,30.67,29.103525245126992,29.8975,29.8975,135078600,29.103525245126992,30.67,29.103525245126992,29.8975,1.0,30.67,29.103525245126992,0,135078600,67331,4064853779.0,1,02,010,BRPETRACNPR6,200,PN      N2,PETROBRAS
2021-12-02,PETR4,PETR4,29.500512622563498,29.500512622563498,26.2,27.509999999999998,27.509999999999998,191410300,29.500512622563498,29.500512622563498,26.2,27.509999999999998,1.0,29.500512622563498,26.2,0,191410300,35329,5285420696.0,1,02,010,BRPETRACNPR6,201,PN  EDJ N2,PETROBRAS
2021-12-03,PETR4,PETR4,28.505256311281748,28.94,28.22,28.6,28.6,105133000,28.505256311281748,28.94,28.22,28.6,1.0,28.94,28.22,0,105133000,40388,3008092846.0,1,02,010,BRPETRACNPR6,201,PN  EDJ N2,PETROBRAS
2021-12-06,PETR4,PETR4,28.552628155640875,29.27,28.552628155640875,28.904999999999998,28.904999999999998,66142300,28.552628155640875,29.27,28.552628155640875,28.904999999999998,1.0,29.27,28.552628155640875,0,66142300,23336,1919196558.0,1,02,010,BRPETRACNPR6,201,PN  EDJ N2,PETROBRAS
2021-12-07,PETR4,PETR4,28.728814077820438,29.57,28.728814077820438,29.2525,29.2525,98989300,28.728814077820438,29.57,28.728814077820438,29.2525,1.0,29.57,28.728814077820438,0,98989300,21751,2893184499.0,1,02,010,BRPETRACNPR6,201,PN  EDJ N2,PETROBRAS
2021-12-08,PETR4,PETR4,28.99065703891022,30.07,28.99065703891022,29.5,29.5,71167700,28.99065703891022,30.07,28.99065703891022,29.5,1.0,30.07,28.99065703891022,0,71167700,91785,2104510726.0,1,02,010,BRPETRACNPR6,201,PN  EDJ N2,PETROBRAS
2021-12-09,PETR4,PETR4,29.24532851945511,29.49,28.79,29.167499999999997,29.167499999999997,67668200,29.24532851945511,29.49,28.79,29.167499999999997,1.0,29.49,28.79,0,67668200,87834,1973033904.0,1,02,010,BRPETRACNPR6,201,PN  EDJ N2,PETROBRAS
2021-12-10,PETR4,PETR4,29.206414259727552,30.1,29.206414259727552,29.682499999999997,29.682499999999997,38517500,29.206414259727552,30.1,29.206414259727552,29.682499999999997,1.0,30.1,29.206414259727552,0,38517500,62228,1143733119.0,1,02,010,BRPETRACNPR6,201,PN  EDJ N2,PETROBRAS
2021-12-13,PETR4,PETR4,29.444457129863775,30.05,29.29,29.619999999999997,29.619999999999997,45448700,29.444457129863775,30.05,29.29,29.619999999999997,1.0,30.05,29.29,0,45448700,63892,1344577580.0,1,02,010,BRPETRACNPR6,201,PN  EDJ N2,PETROBRAS
2021-12-14,PETR4,PETR4,29.532228564931884,29.85,29.01,29.3975,29.3975,56833800,29.532228564931884,29.85,29.01,29.3975,1.0,29.85,29.01,0,56833800,68973,1668902365.0,1,02,010,BRPETRACNPR6,201,PN      N2,PETROBRAS
2021-12-15,PETR4,PETR4,29.464864282465943,29.464864282465943,28.59,29.0725,29.0725,55085100,29.464864282465943,29.464864282465943,28.59,29.0725,1.0,29.464864282465943,28.59,0,55085100,86504,1596437461.0,1,02,010,BRPETRACNPR6,201,PN      N2,PETROBRAS
2021-12-16,PETR4,PETR4,29.268682141232972,29.98,29.268682141232972,29.697499999999998,29.697499999999998,56545700,29.268682141232972,29.98,29.268682141232972,29.697499999999998,1.0,29.98,29.268682141232972,0,56545700,84099,1682132795.0,1,02,010,BRPETRACNPR6,201,PN      N2,PETROBRAS
2021-12-17,PETR4,PETR4,29.483091070616485,29.64,28.78,29.1825,29.1825,93593700,29.483091070616485,29.64,28.78,29.1825,1.0,29.64,28.78,0,93593700,96537,2725013078.0,1,02,010,BRPETRACNPR6,201,PN      N2,PETROBRAS
2021-12-20,PETR4,PETR4,29.332795535308243,29.332795535308243,27.68,28.2075,28.2075,106282500,29.332795535308243,29.332795535308243,27.68,28.2075,1.0,29.332795535308243,27.68,0,106282500,37752,2981042011.0,1,02,010,BRPETRACNPR6,201,PN      N2,PETROBRAS
2021-12-21,PETR4,PETR4,28.770147767654123,28.770147767654123,28.12,28.3975,28.3975,40454500,28.770147767654123,28.770147767654123,28.12,28.3975,1.0,28.770147767654123,28.12,0,40454500,63985,1148092601.0,1,02,010,BRPETRACNPR6,201,PN      N2,PETROBRAS
2021-12-22,PETR4,PETR4,28.583823883827062,28.583823883827062,27.97,28.232499999999998,28.232499999999998,33734500,28.583823883827062,28.583823883827062,27.97,28.232499999999998,1.0,28.583823883827062,27.97,0,33734500,43418,950275967.0,1,02,010,BRPETRACNPR6,201,PN      N2,PETROBRAS
2021-12-23,PETR4,PETR4,28.40816194191353,28.42,28.15,28.3075,28.3075,28713600,28.40816194191353,28.42,28.15,28.3075,1.0,28.42,28.15,0,28713600,43381,812335562.0,1,02,010,BRPETRACNPR6,201,PN      N2,PETROBRAS
2021-12-27,PETR4,PETR4,28.357830970956766,28.78,28.15,28.5,28.5,44227900,28.357830970956766,28.78,28.15,28.5,1.0,28.78,28.15,0,44227900,46060,1265090301.0,1,02,010,BRPETRACNPR6,201,PN      N2,PETROBRAS
2021-12-28,PETR4,PETR4,28.428915485478385,29.28,28.428915485478385,28.942500000000003,28.942500000000003,30688100,28.428915485478385,29.28,28.428915485478385,28.942500000000003,1.0,29.28,28.428915485478385,0,30688100,43142,886001699.0,1,02,010,BRPETRACNPR6,201,PN      N2,PETROBRAS
2021-12-29,PETR4,PETR4,28.685707742739194,28.9,28.42,28.64,28.64,35508400,28.685707742739194,28.9,28.42,28.64,1.0,28.9,28.42,0,35508400,61088,1015407391.0,1,02,010,BRPETRACNPR6,201,PN      N2,PETROBRAS
2021-12-30,PETR4,PETR4,28.6628538713696,28.7,28.39,28.5225,28.5225,43229100,28.6628538713696,28.7,28.39,28.5225,1.0,28.7,28.39,0,43229100,53532,1232775660.0,1,02,010,BRPETRACNPR6,201,PN      N2,PETROBRAS
